"Name","Area","Address","Phone","Rating","Review","Total Reviews","Type","Thumbnail","Images","Video","Opening Time","Pincode","Doc ID","Latitude","Longitude","Web URL","Verified","Scraped At"
"Prudent International Health Clinics","Kalyani Nagar-Vadgaon Sheri","Above Bank Of Maharashtra Kalyani Nagar Vadgaon Sheri","09035149979","4.1","","657","ENT Doctors, Pathology Labs","https://content.jdmagicbox.com/comp/pune/k4/020pxx20.xx20.151006165856.b5k4/catalogue/prudent-international-health-clinics-kalyani-nagar-pune-dermatologists-2cj8ip5-250.jpg?clr=#660000","https://content.jdmagicbox.com/comp/pune/k4/020pxx20.xx20.151006165856.b5k4/catalogue/prudent-international-health-clinics-kalyani-nagar-pune-dermatologists-2cj8ip5.jpg?clr=#660000
https://content.jdmagicbox.com/comp/pune/k4/020pxx20.xx20.151006165856.b5k4/catalogue/prudent-international-health-clinics-kalyani-nagar-pune-dentists-zuupxyf0ke.jpg
https://content.jdmagicbox.com/comp/pune/k4/020pxx20.xx20.151006165856.b5k4/catalogue/prudent-international-health-clinics-kalyani-nagar-pune-dentists-eztwtkw7b1.jpg
https://content.jdmagicbox.com/comp/pune/k4/020pxx20.xx20.151006165856.b5k4/catalogue/prudent-international-health-clinics-kalyani-nagar-pune-dentists-328hi35x57.jpg
https://content.jdmagicbox.com/comp/pune/k4/020pxx20.xx20.151006165856.b5k4/catalogue/prudent-international-health-clinics-kalyani-nagar-pune-dentists-8w95od5e37.jpg","","Open 24 Hrs","411014","020PXX20.XX20.151006165856.B5K4","18.5475630965","73.9063301683","https://www.justdial.com/Pune/Prudent-International-Health-Clinics-Above-Bank-Of-Maharashtra-Kalyani-Nagar-Vadgaon-Sheri/020PXX20-XX20-151006165856-B5K4_BZDET","Yes","2024-02-10T15:19:08.064Z"
"Dr.Shreeniwas S.Raut MBBS MD Medicine DM Oncologist","Ambegaon Road Ambegaon Budruk","Behind Ambegaon D Mart Ambegaon Budruk","09035265518","4.6","Wonderful hospital with top-class doctors and nurses. Dr.shreeniwas Raut is one of the greatest oncologist in pune, and I`m so happy to see him on top of their doctors. I really appreciate the opening of this great facility at katraj,pune area near to my house, and my experience was fantastic with their excellent care.","350","Hospitals, Dermatologists","https://content.jdmagicbox.com/comp/pune/b4/020pxx20.xx20.201001185907.f3b4/catalogue/dr-shreeniwas-s-raut-mbbs-md-medicine-dm-oncologist-ambegaon-budruk-pune-dermatologists-g4scwt2gt2-250.jpg","https://content.jdmagicbox.com/comp/pune/b4/020pxx20.xx20.201001185907.f3b4/catalogue/dr-shreeniwas-s-raut-mbbs-md-medicine-dm-oncologist-ambegaon-budruk-pune-dermatologists-g4scwt2gt2.jpg
https://content.jdmagicbox.com/comp/pune/b4/020pxx20.xx20.201001185907.f3b4/catalogue/dr-shreeniwas-s-raut-mbbs-md-medicine-dm-oncologist-ambegaon-budruk-pune-dermatologists-11kblykc1q.jpg?clr=#443922
https://content.jdmagicbox.com/comp/pune/b4/020pxx20.xx20.201001185907.f3b4/catalogue/dr-shreeniwas-s-raut-mbbs-md-medicine-dm-oncologist-ambegaon-budruk-pune-hospitals-i8y4thtm7w.jpg
https://content.jdmagicbox.com/comp/pune/b4/020pxx20.xx20.201001185907.f3b4/catalogue/dr-shreeniwas-s-raut-mbbs-md-medicine-dm-oncologist-ambegaon-budruk-pune-hospitals-j9di4h75gr.jpg
https://content.jdmagicbox.com/comp/pune/b4/020pxx20.xx20.201001185907.f3b4/catalogue/dr-shreeniwas-s-raut-mbbs-md-medicine-dm-oncologist-ambegaon-budruk-pune-hospitals-ongt2l53gm.jpg","","Open 24 Hrs","411046","020PXX20.XX20.201001185907.F3B4","18.450469944444","73.846145611111","https://www.justdial.com/Pune/DrShreeniwas-SRaut-MBBS-MD-Medicine-DM-Oncologist-Behind-Ambegaon-D-Mart-Ambegaon-Budruk/020PXX20-XX20-201001185907-F3B4_BZDET","Yes","2024-02-10T15:19:08.064Z"
"Thatasthu Clinic And Rejuvenate Center","Karve Road Nal Stop","Near Jain Mandir Nal Stop","09035259372","4.3","","14","Dermatologists, ENT Doctors","https://content.jdmagicbox.com/comp/pune/z3/020pxx20.xx20.200222181855.n2z3/catalogue/thatasthu-clinic-and-rejuvenate-center-nal-stop-pune-general-physician-doctors-z6ny4jrxqd-250.jpg?clr=#660066","https://content.jdmagicbox.com/comp/pune/z3/020pxx20.xx20.200222181855.n2z3/catalogue/thatasthu-clinic-and-rejuvenate-center-nal-stop-pune-general-physician-doctors-z6ny4jrxqd.jpg?clr=#660066
https://content.jdmagicbox.com/comp/pune/z3/020pxx20.xx20.200222181855.n2z3/catalogue/thatasthu-clinic-and-rejuvenate-center-pune-gv4gjyydzn.jpg
https://content.jdmagicbox.com/comp/pune/z3/020pxx20.xx20.200222181855.n2z3/catalogue/thatasthu-clinic-and-rejuvenate-center-nal-stop-pune-general-physician-doctors-ohqfnaf11p.jpg
https://content.jdmagicbox.com/comp/pune/z3/020pxx20.xx20.200222181855.n2z3/catalogue/thatasthu-clinic-and-rejuvenate-center-nal-stop-pune-general-physician-doctors-pavspexneu.jpg
https://content.jdmagicbox.com/comp/service_catalogue/vertigo-doctors-020pxx20.xx20.200222181855.n2z3-vlmhmhu.jpg","","10:00 am - 8:00 pm","411004","020PXX20.XX20.200222181855.N2Z3","18.5068281058","73.8299539735","https://www.justdial.com/Pune/Thatasthu-Clinic-And-Rejuvenate-Center-Near-Jain-Mandir-Nal-Stop/020PXX20-XX20-200222181855-N2Z3_BZDET","Yes","2024-02-10T15:19:08.064Z"
"Dr.Suraj Clinic","Chatrapati Chowk Road Wakad","Near Kaspati Wasti Wakad","07411717314","5","","1","Dermatologists, General Physician Doctors","https://content.jdmagicbox.com/comp/pune/h5/020pxx20.xx20.231206182628.z6h5/catalogue/dr-suraj-clinic-wakad-pune-general-physician-doctors-pq0z8vk8av-250.jpg?clr=#224422","https://content.jdmagicbox.com/comp/pune/h5/020pxx20.xx20.231206182628.z6h5/catalogue/dr-suraj-clinic-wakad-pune-general-physician-doctors-pq0z8vk8av.jpg?clr=#224422
https://content.jdmagicbox.com/comp/pune/h5/020pxx20.xx20.231206182628.z6h5/catalogue/6xda0kof325dwit-e869ntu280.jpg
https://content.jdmagicbox.com/comp/pune/h5/020pxx20.xx20.231206182628.z6h5/catalogue/mjj3l175k4hx0ew-g6q5hm0ouk.jpg
https://content.jdmagicbox.com/comp/pune/h5/020pxx20.xx20.231206182628.z6h5/catalogue/dr-suraj-clinic-wakad-pune-general-physician-doctors-ufwy8zaz0g.jpg","","10:00 am - 9:30 pm","411057","020PXX20.XX20.231206182628.Z6H5","18.595609638889","73.771133416667","https://www.justdial.com/Pune/DrSuraj-Clinic-Near-Kaspati-Wasti-Wakad/020PXX20-XX20-231206182628-Z6H5_BZDET","Yes","2024-02-10T15:19:08.064Z"
"Prime Care Clinic & Diagnostics","Vadgaon Sheri","Beside Bramha SuncityOpposite Shivaji Park Vadgaon Sheri","09035196821","4.7","I had consultant Dr for my Grandmother diabetes and thyroid related problem ,after consultant him and following his diet chart and medicine with regular follow up now her diabetes and thyroid is around normal. Thank you Dr","62","Pathology Labs, Paediatricians","https://content.jdmagicbox.com/comp/pune/v5/020pxx20.xx20.180212222219.g9v5/catalogue/prime-care-clinic-and-diagnostics-vadgaon-sheri-pune-pathology-labs-kbfq6iq4qb-250.jpg","https://content.jdmagicbox.com/comp/pune/v5/020pxx20.xx20.180212222219.g9v5/catalogue/prime-care-clinic-and-diagnostics-vadgaon-sheri-pune-pathology-labs-kbfq6iq4qb.jpg
https://content.jdmagicbox.com/comp/pune/v5/020pxx20.xx20.180212222219.g9v5/catalogue/prime-care-clinic-and-diagnostics-vadgaon-sheri-pune-pathology-labs-1eu6l679bd.jpg
https://content.jdmagicbox.com/comp/pune/v5/020pxx20.xx20.180212222219.g9v5/catalogue/prime-care-clinic-and-diagnostics-vadgaon-sheri-pune-pathology-labs-g1he3d0zl9.jpg
https://content.jdmagicbox.com/comp/pune/v5/020pxx20.xx20.180212222219.g9v5/catalogue/prime-care-clinic-and-diagnostics-vadgaon-sheri-pune-pathology-labs-hdp35jcb8g.jpg
https://content.jdmagicbox.com/comp/pune/v5/020pxx20.xx20.180212222219.g9v5/catalogue/prime-care-clinic-and-diagnostics-vadgaon-sheri-pune-pathology-labs-o6am8hbnn4.jpg","1","11:00 am - 2:30 pm , 4:00 pm - 9:00 pm","411014","020PXX20.XX20.180212222219.G9V5","18.5524882","73.9286391","https://www.justdial.com/Pune/Prime-Care-Clinic-Diagnostics-Beside-Bramha-SuncityOpposite-Shivaji-Park-Vadgaon-Sheri/020PXX20-XX20-180212222219-G9V5_BZDET","Yes","2024-02-10T15:19:08.064Z"
"Dr Lakhe's Health Care and Research Center","Box Street Wagholi","Behind EON IT Park Kharadi Wagholi","09035196909","4.9","","10","Dermatologists, Pathology Labs","https://content.jdmagicbox.com/comp/pune/a2/020pxx20.xx20.180216202723.l3a2/catalogue/dr-lakhe-s-health-care-and-research-center-wagholi-pune-dermatologists-fq5osm5hoe-250.jpg","https://content.jdmagicbox.com/comp/pune/a2/020pxx20.xx20.180216202723.l3a2/catalogue/dr-lakhe-s-health-care-and-research-center-wagholi-pune-dermatologists-fq5osm5hoe.jpg
https://content.jdmagicbox.com/comp/pune/a2/020pxx20.xx20.180216202723.l3a2/catalogue/dr-lakhe-s-health-care-center-kharadi-pune-diabetologist-doctors-hltx7zguxc.jpg
https://content.jdmagicbox.com/comp/pune/a2/020pxx20.xx20.180216202723.l3a2/catalogue/dr-lakhe-s-health-care-center-kharadi-pune-diabetologist-doctors-uy1des8sgk.jpg
https://content.jdmagicbox.com/comp/pune/a2/020pxx20.xx20.180216202723.l3a2/catalogue/dr-lakhe-s-health-care-center-kharadi-pune-diabetologist-doctors-yi89z3jb13.jpg
https://content.jdmagicbox.com/comp/pune/a2/020pxx20.xx20.180216202723.l3a2/catalogue/dr-lakhe-s-health-care-center-kharadi-pune-diabetologist-doctors-1eysc90f1q.jpg","","3:00 pm - 8:00 pm","412207","020PXX20.XX20.180216202723.L3A2","18.587921972222","73.995932972222","https://www.justdial.com/Pune/Dr-Lakhes-Health-Care-and-Research-Center-Behind-EON-IT-Park-Kharadi-Wagholi/020PXX20-XX20-180216202723-L3A2_BZDET","Yes","2024-02-10T15:19:08.064Z"
"Vighnaharta Super Speciality Hospital","Keshav Nagar Mundhwa"," Mundhwa","09035287207","4.6","Vighnaharta Super Speciality Hospital is excellent! It has good facilities, well-priced services, and is clean & hygienic. They always have immediate availability and provide accurate diagnosis. The staff provides gentle care.","249","Hospitals, Dermatologists","https://content.jdmagicbox.com/comp/pune/x2/020pxx20.xx20.211203124249.m2x2/catalogue/vighnaharta-multispeciality-hospital-manjari-budruk-pune-hospitals-d7l0zeszs2-250.jpg?clr=#57f1d","https://content.jdmagicbox.com/comp/pune/x2/020pxx20.xx20.211203124249.m2x2/catalogue/vighnaharta-multispeciality-hospital-manjari-budruk-pune-hospitals-d7l0zeszs2.jpg?clr=#57f1d
https://content.jdmagicbox.com/comp/pune/x2/020pxx20.xx20.211203124249.m2x2/catalogue/vighnaharta-multispeciality-hospital-manjari-budruk-pune-hospitals-a66apvmfma.jpg
https://content.jdmagicbox.com/comp/pune/x2/020pxx20.xx20.211203124249.m2x2/catalogue/vighnaharta-multispeciality-hospital-manjari-budruk-pune-hospitals-446no06dxx.jpg
https://content.jdmagicbox.com/comp/pune/x2/020pxx20.xx20.211203124249.m2x2/catalogue/vighnaharta-multispeciality-hospital-manjari-budruk-pune-hospitals-yld84w6k7o.jpg
https://content.jdmagicbox.com/comp/pune/x2/020pxx20.xx20.211203124249.m2x2/catalogue/vighnaharta-super-speciality-hospital-mundhwa-pune-hospitals-wkr9xuoorp.jpg","1","Open 24 Hrs","411036","020PXX20.XX20.211203124249.M2X2","18.529391","73.949733","https://www.justdial.com/Pune/Vighnaharta-Super-Speciality-Hospital-Mundhwa/020PXX20-XX20-211203124249-M2X2_BZDET","Yes","2024-02-10T15:19:08.064Z"
"Lifeline Hospital","Nagar Road Wagholi","Near Shreyash Garden Opposite Bharat Petrol Pump Keshnand Phata Wagholi","09035048914","4.2","Very good service ! Staff is very well educated and politely taking care of all kinds of different patient at entry desk..
Doctors never let you feel you are at hospital ..reviewing the history of patient and suggesting tips for healthy life in addition to the treatment for which patient has come..
Overall, patients are taken care very well by staff and doctors ..","1,083","Hospitals, Orthopaedic Doctors","https://content.jdmagicbox.com/comp/pune/l9/020p1218265096v9m3l9/catalogue/lifeline-hospital-wagholi-pune-hospitals-z91hs1wnco-250.jpg","https://content.jdmagicbox.com/comp/pune/l9/020p1218265096v9m3l9/catalogue/lifeline-hospital-wagholi-pune-hospitals-z91hs1wnco.jpg
https://content.jdmagicbox.com/comp/pune/l9/020p1218265096v9m3l9/catalogue/lifeline-hospital-wagholi-pune-dermatologists-19d85v7.jpg
https://content.jdmagicbox.com/comp/pune/l9/020p1218265096v9m3l9/catalogue/lifeline-hospital-wagholi-pune-dermatologists-gmqix.jpg
https://content.jdmagicbox.com/comp/pune/l9/020p1218265096v9m3l9/catalogue/lifeline-hospital-wagholi-pune-dermatologists-p38k0.jpg
https://content.jdmagicbox.com/comp/pune/l9/020p1218265096v9m3l9/catalogue/lifeline-hospital-wagholi-pune-dermatologists-u1wh3.jpg","","Open 24 Hrs","412207","020P1218265096V9M3L9","18.58236","73.989443","https://www.justdial.com/Pune/Lifeline-Hospital-Near-Shreyash-Garden-Opposite-Bharat-Petrol-Pump-Keshnand-Phata-Wagholi/020P1218265096V9M3L9_BZDET","Yes","2024-02-10T15:19:08.064Z"
"Mohammad Wadi Multispeciality Clinic","NIBM-Kondhwa Khurd","Near Runawal Diamond Mall NIBM Kondhwa Khurd","07801873981","5","","1","General Surgeon Doctors, Hernia Doctors","https://content.jdmagicbox.com/comp/pune/u4/020pxx20.xx20.230711112538.z5u4/catalogue/bzkxxlg09y72771-t0lamg4fl3-250.jpg?clr=#38382e","https://content.jdmagicbox.com/comp/pune/u4/020pxx20.xx20.230711112538.z5u4/catalogue/bzkxxlg09y72771-t0lamg4fl3.jpg?clr=#38382e
https://content.jdmagicbox.com/comp/pune/u4/020pxx20.xx20.230711112538.z5u4/catalogue/wosplfrv2vbw6p0-ggk5offtyh.jpg
https://content.jdmagicbox.com/comp/pune/u4/020pxx20.xx20.230711112538.z5u4/catalogue/2x6n6gqirn6ti6d-i58tv0fo5e.jpg
https://content.jdmagicbox.com/comp/pune/u4/020pxx20.xx20.230711112538.z5u4/catalogue/bj9q9wmntbmngl6-9otf51zsgz.jpg
https://content.jdmagicbox.com/comp/pune/u4/020pxx20.xx20.230711112538.z5u4/catalogue/8q7ri6syspvyp9p-k0wmkq40yz.jpg","","9:00 am - 2:00 pm , 4:00 pm - 8:00 pm","411048","020PXX20.XX20.230711112538.Z5U4","18.463537972222","73.904407","https://www.justdial.com/Pune/Mohammad-Wadi-Multispeciality-Clinic-Near-Runawal-Diamond-Mall-NIBM-Kondhwa-Khurd/020PXX20-XX20-230711112538-Z5U4_BZDET","Yes","2024-02-10T15:19:08.064Z"
"Shradha Polyclinic","Baner Raod Baner","Near Orchid School Baner","09035092880","4.4","I was suffering from severe itching in my body with rashes all over ..every time dr use to prescribe me cetrizine and my itching use to temporary hold and again appear. i visited dr. shah clinic. skin specialist through just dial ..i was diagnosed with psoriasis and i took treatment from dr. shah. superb experience i was well within 20 days. he did the right diagnosis and helped me a lot. ","363","Dermatologists, Pathology Labs","https://content.jdmagicbox.com/comp/pune/h9/020pxx20.xx20.130731200024.k3h9/catalogue/shraddha-clinic-aundh-pune-dermatologists-1zs80ov-250.jpg?clr=#4c381a","https://content.jdmagicbox.com/comp/pune/h9/020pxx20.xx20.130731200024.k3h9/catalogue/shraddha-clinic-aundh-pune-dermatologists-1zs80ov.jpg?clr=#4c381a
https://content.jdmagicbox.com/comp/pune/h9/020pxx20.xx20.130731200024.k3h9/catalogue/shradha-polyclinic-baner-pune-general-physician-doctors-473d3lk98l.jpg
https://content.jdmagicbox.com/comp/pune/h9/020pxx20.xx20.130731200024.k3h9/catalogue/shradha-polyclinic-baner-pune-general-physician-doctors-vygha4j4v6.jpg
https://content.jdmagicbox.com/comp/pune/h9/020pxx20.xx20.130731200024.k3h9/catalogue/shradha-polyclinic-baner-pune-general-physician-doctors-khbape75fc.jpg
https://content.jdmagicbox.com/comp/pune/h9/020pxx20.xx20.130731200024.k3h9/catalogue/shradha-polyclinic-baner-pune-general-physician-doctors-5bn4g05p1p.jpg","1","9:30 am - 9:30 pm","411045","020PXX20.XX20.130731200024.K3H9","18.5637254","73.7818294","https://www.justdial.com/Pune/Shradha-Polyclinic-Near-Orchid-School-Baner/020PXX20-XX20-130731200024-K3H9_BZDET","Yes","2024-02-10T15:19:08.064Z"
"Spandan Hospital ICU & Multispeciality","Near Fly Over Bridge Thergaon","Near Dange Chowk Thergaon","","4.6","I would highly recommend spandan hospital as the staff and doctors there are very professional well behaved and very attentive towards patients , my mother was admitted there for 4 days approx as she was suffered from viral fever , and i was very much satisfied by the treatment she received from doc and the staff took utmost care of her .","255","Hospitals, ENT Doctors","https://content.jdmagicbox.com/comp/pune/h6/020pxx20.xx20.131218114335.x5h6/catalogue/spandan-hospital-icu-and-multispeciality-thergaon-pune-multispeciality-hospitals-1z91p02ply-250.jpg?clr=#333333","https://content.jdmagicbox.com/comp/pune/h6/020pxx20.xx20.131218114335.x5h6/catalogue/spandan-hospital-icu-and-multispeciality-thergaon-pune-multispeciality-hospitals-1z91p02ply.jpg?clr=#333333
https://content.jdmagicbox.com/comp/pune/h6/020pxx20.xx20.131218114335.x5h6/catalogue/spandan-hospital-icu-and-multispeciality-thergaon-pune-private-hospitals-5uwp3dyfzp.jpg
https://content.jdmagicbox.com/comp/pune/h6/020pxx20.xx20.131218114335.x5h6/catalogue/spandan-hospital-icu-and-multispeciality-thergaon-pune-private-hospitals-ssca9v6xmd.jpg
https://content.jdmagicbox.com/comp/pune/h6/020pxx20.xx20.131218114335.x5h6/catalogue/spandan-hospital-icu-and-multispeciality-thergaon-pune-private-hospitals-tgw2ghqjsc.jpg
https://content.jdmagicbox.com/comp/pune/h6/020pxx20.xx20.131218114335.x5h6/catalogue/spandan-hospital-icu-and-multispeciality-thergaon-pune-private-hospitals-x57ggmec00.jpg","","Open 24 Hrs","411033","020PXX20.XX20.131218114335.X5H6","18.614133833333","73.765808083333","https://www.justdial.com/Pune/Spandan-Hospital-ICU-Multispeciality-Near-Dange-Chowk-Thergaon/020PXX20-XX20-131218114335-X5H6_BZDET","Yes","2024-02-10T15:19:18.951Z"
"Arogyam Health Clinic","Eon It Park Road Kharadi","Near Mountain Glory Society Kharadi","09035182278","4.4","Mam is best pediatrics doctor. She is down to earth. Listen and resolve all your queries with calmly which is best part of her.
She always receive call which is now a days lacking in almost all doctor.
We visited for our 5 years son who suddenly stopped walking post viral fever.
She listen our queries and give us courage.
With her guidance our son cured immediately.
She gives enough time to each n every patients which is best part of her and she is very friendly in nature.","196","ENT Doctors, Paediatricians","https://content.jdmagicbox.com/comp/pune/l7/020pxx20.xx20.170519205312.l7l7/catalogue/arogyam-health-clinic-kharadi-pune-general-physician-doctors-fdtjr8jl9m-250.jpg?clr=#333333","https://content.jdmagicbox.com/comp/pune/l7/020pxx20.xx20.170519205312.l7l7/catalogue/arogyam-health-clinic-kharadi-pune-general-physician-doctors-fdtjr8jl9m.jpg?clr=#333333
https://content.jdmagicbox.com/comp/pune/l7/020pxx20.xx20.170519205312.l7l7/catalogue/arogyam-health-clinic-kharadi-pune-clinics-4yapk3e2be.jpg
https://content.jdmagicbox.com/comp/pune/l7/020pxx20.xx20.170519205312.l7l7/catalogue/arogyam-health-clinic-kharadi-pune-clinics-c2682803n0.jpg
https://content.jdmagicbox.com/comp/pune/l7/020pxx20.xx20.170519205312.l7l7/catalogue/arogyam-health-clinic-kharadi-pune-clinics-psqkcfbg1m.jpg
https://content.jdmagicbox.com/comp/pune/l7/020pxx20.xx20.170519205312.l7l7/catalogue/arogyam-health-clinic-kharadi-pune-clinics-pnamhlmgmt.jpg","","10:30 am - 1:00 pm , 5:00 pm - 9:00 pm","411014","020PXX20.XX20.170519205312.L7L7","18.5623074","73.9488642","https://www.justdial.com/Pune/Arogyam-Health-Clinic-Near-Mountain-Glory-Society-Kharadi/020PXX20-XX20-170519205312-L7L7_BZDET","Yes","2024-02-10T15:19:18.951Z"
"Welfare Multispecialty Hospital","Kondhwa Khurd","Near Naaz Hotel Kondhwa Khurd","","4.3","This is hospital has created my family and exceptionally well. Any issues we experience d no matter how large were immediately acted upon. the doctor were very caring towards the patient and provided us with you enough time to ask all our question. all the sisters also were always around and ensured all of us were at ease. The organisation of this hospital allowed us to do things  (test/ scan )at the time that was most comfortable for the patient.","210","Hospitals, Dermatologists","https://content.jdmagicbox.com/comp/pune/h4/020pxx20.xx20.180328161832.k1h4/catalogue/welfare-multispecialty-hospital-kondhwa-khurd-pune-hospitals-6ydgu87ooj-250.jpg?clr=#413325","https://content.jdmagicbox.com/comp/pune/h4/020pxx20.xx20.180328161832.k1h4/catalogue/welfare-multispecialty-hospital-kondhwa-khurd-pune-hospitals-6ydgu87ooj.jpg?clr=#413325
https://content.jdmagicbox.com/comp/pune/h4/020pxx20.xx20.180328161832.k1h4/catalogue/welfare-multispecialty-hospital-kondhwa-khurd-pune-hospitals-8y52kdooxp.jpg
https://content.jdmagicbox.com/comp/pune/h4/020pxx20.xx20.180328161832.k1h4/catalogue/welfare-multispecialty-hospital-kondhwa-khurd-pune-hospitals-97ktg0ad6a.jpg
https://content.jdmagicbox.com/comp/pune/h4/020pxx20.xx20.180328161832.k1h4/catalogue/welfare-multispecialty-hospital-kondhwa-khurd-pune-hospitals-c3372h8j4l.jpg
https://content.jdmagicbox.com/comp/pune/h4/020pxx20.xx20.180328161832.k1h4/catalogue/welfare-multispecialty-hospital-kondhwa-khurd-pune-hospitals-fbjnisc6zd.jpg","","Open 24 Hrs","411048","020PXX20.XX20.180328161832.K1H4","18.472253777778","73.888938888889","https://www.justdial.com/Pune/Welfare-Multispecialty-Hospital-Near-Naaz-Hotel-Kondhwa-Khurd/020PXX20-XX20-180328161832-K1H4_BZDET","Yes","2024-02-10T15:19:18.951Z"
"Vitthal Clinic","Pune Nashik Highway Moshi","Bharat Mata Chowk Moshi","08123931984","4.8","","11","Orthopaedic Doctors, General Physician Doctors","https://content.jdmagicbox.com/comp/pune/t9/020pxx20.xx20.230324133048.b6t9/catalogue/vitthal-clinic-moshi-alandi-ucoqnr0o23-250.jpg","https://content.jdmagicbox.com/comp/pune/t9/020pxx20.xx20.230324133048.b6t9/catalogue/vitthal-clinic-moshi-alandi-ucoqnr0o23.jpg","","Open 24 Hrs","412105","020PXX20.XX20.230324133048.B6T9","18.680035019368","73.848776245844","https://www.justdial.com/Pune/Vitthal-Clinic-Bharat-Mata-Chowk-Moshi/020PXX20-XX20-230324133048-B6T9_BZDET","Yes","2024-02-10T15:19:18.951Z"
"Anand Multispeciality Hospital","Pune Nasik Rd Bhosari Bhosari","PMT Chowk Bhosari","09035066418","4.3","I recommended this hospital to one of my friends. She had a severe pain. She undergo a proper checkup. later, it was found that she had kidney stone. We worried that she might have to go for Operation. But doctor console us not to be worried. We`ll go for a hydrotherapy, Eventually, it was success.
Overall one of the best experience we had.
Hospital, general ward were properly clean. staff, doctors were well trained and thorough professional. Recommending to all punekar.","480","Hospitals, Dermatologists","https://content.jdmagicbox.com/comp/pune/p1/020pxx20.xx20.091029160954.g4p1/catalogue/anand-multispeciality-hospital-bhosari-pune-hospitals-7ok31bur2w-250.jpg?clr=#3b2b3b","https://content.jdmagicbox.com/comp/pune/p1/020pxx20.xx20.091029160954.g4p1/catalogue/anand-multispeciality-hospital-bhosari-pune-hospitals-7ok31bur2w.jpg?clr=#3b2b3b
https://content.jdmagicbox.com/comp/pune/p1/020pxx20.xx20.091029160954.g4p1/catalogue/anand-multispeciality-hospital-bhosari-pune-hospitals-1ysjed1rrp.jpg
https://content.jdmagicbox.com/comp/pune/p1/020pxx20.xx20.091029160954.g4p1/catalogue/anand-multispeciality-hospital-bhosari-pune-hospitals-t1ajkqm0cl.jpg
https://content.jdmagicbox.com/comp/pune/p1/020pxx20.xx20.091029160954.g4p1/catalogue/anand-multispeciality-hospital-bhosari-pune-hospitals-4fsecrusey.jpg
https://content.jdmagicbox.com/comp/pune/p1/020pxx20.xx20.091029160954.g4p1/catalogue/anand-multispeciality-hospital-bhosari-pune-hospitals-z2xhm96rku.jpg","","Open 24 Hrs","411039","020PXX20.XX20.091029160954.G4P1","18.6219685","73.8515147","https://www.justdial.com/Pune/Anand-Multispeciality-Hospital-PMT-Chowk-Bhosari/020PXX20-XX20-091029160954-G4P1_BZDET","Yes","2024-02-10T15:19:18.951Z"
"Ashirwad Homeo Care","Swargate","Rashtrabhushan Chowk Swargate","","4.2","Best result for skin allergy felt from first month with start of homeopathy treatment from  Homeopathy is really very effective and efficient health science. I am very satisfied with my son`s white spots result. His skin texture is now improving without any side effects.. I am really thankful","15","Paediatricians, General Physician Doctors","https://content.jdmagicbox.com/comp/pune/m7/020pxx20.xx20.120514193025.l3m7/catalogue/ashirwad-homoeo-care-pune-0gnvvh8drw-250.jpg?clr=#333333","https://content.jdmagicbox.com/comp/pune/m7/020pxx20.xx20.120514193025.l3m7/catalogue/ashirwad-homoeo-care-pune-0gnvvh8drw.jpg?clr=#333333
https://content.jdmagicbox.com/comp/pune/m7/020pxx20.xx20.120514193025.l3m7/catalogue/ashirwad-homeo-care-swargate-pune-homeopathic-clinics-al84hnhdqu.jpg","","10:00 am - 8:00 pm","411042","020PXX20.XX20.120514193025.L3M7","18.5038994","73.8593942","https://www.justdial.com/Pune/Ashirwad-Homeo-Care-Rashtrabhushan-Chowk-Swargate/020PXX20-XX20-120514193025-L3M7_BZDET","Yes","2024-02-10T15:19:18.951Z"
"Surya Hospital","Chikhali Road Chinchwad East","Krushnanagar Chowk Chinchwad East","","4.7","Dr Suryawanshi Thank you so much for your care and guidance during this incredible experience, we are beyond thrilled. thank you so much again for every thing you did to help get our baby here. you were so wonderful to work with during a stressful time and you are best person in my life, thank you Dr","584","Hospitals, ENT Doctors","https://content.jdmagicbox.com/comp/pune/k7/020pxx20.xx20.120928114603.e9k7/catalogue/surya-hospital-chinchwad-east-pune-hospitals-c19xi9yu5s-250.jpg?clr=#1d491d","https://content.jdmagicbox.com/comp/pune/k7/020pxx20.xx20.120928114603.e9k7/catalogue/surya-hospital-chinchwad-east-pune-hospitals-c19xi9yu5s.jpg?clr=#1d491d
https://content.jdmagicbox.com/comp/pune/k7/020pxx20.xx20.120928114603.e9k7/catalogue/surya-hospital-chinchwad-east-pune-dermatologists-ypq2yshnsl.jpg
https://content.jdmagicbox.com/comp/pune/k7/020pxx20.xx20.120928114603.e9k7/catalogue/surya-hospital-chinchwad-east-pune-hospitals-bm9k0m2r3f.jpg
https://content.jdmagicbox.com/comp/pune/k7/020pxx20.xx20.120928114603.e9k7/catalogue/surya-hospital-chinchwad-east-pune-hospitals-hmbhd2in8w.jpg
https://content.jdmagicbox.com/comp/pune/k7/020pxx20.xx20.120928114603.e9k7/catalogue/surya-hospital-chinchwad-east-pune-hospitals-6pzry3xf6u.jpg","","Open 24 Hrs","411019","020PXX20.XX20.120928114603.E9K7","18.6679742","73.7970218","https://www.justdial.com/Pune/Surya-Hospital-Krushnanagar-Chowk-Chinchwad-East/020PXX20-XX20-120928114603-E9K7_BZDET","Yes","2024-02-10T15:19:18.951Z"
"Vimal Nursing Home Multispeciality Hospital and ICU","Dhankawadi","Near Axis Bank Ltd Balaji Nagar Dhankawadi","09035283172","4.6","I was admitted in this hospital from 8-13 March 2023 & had successful major operation. This hospital is good, better, best for treatment. I believe in this hospital there is God Devine Power & Positive energy. Very nice & up to mark treatment. Though the hospital is little bit small, but all facilities are available including ICU. At most care taken by staff, nurse, doctors. My experience is really good & happy. Within five days doctors recovered me. Very specially Thanks to Dr. Gajanan Shinde, Dr. Gajanan Patil, Dr. Piyush who made it easy treatment. I recommend this hospital. What ever is your problem, without hesitating discuss with Dr, Shinde & you will get resolution & satisfactory treatment. Also Pre & Post treatment is nice & satisfactory With regards to charges/fees are reasonable. Health is important so visit this hospital once. Hope all your health issue will be sorted. Again special thanks to all doctors, staff, nurses, etc. I have given five rating to this hospital & deserve for this rating,  All insurance claims are available.","106","Hospitals, Orthopaedic Doctors","https://content.jdmagicbox.com/comp/pune/d5/020pxx20.xx20.211108120755.f2d5/catalogue/-g5babe5935-250.jpg?clr=#462020","https://content.jdmagicbox.com/comp/pune/d5/020pxx20.xx20.211108120755.f2d5/catalogue/-g5babe5935.jpg?clr=#462020
https://content.jdmagicbox.com/comp/pune/d5/020pxx20.xx20.211108120755.f2d5/catalogue/vimal-nursing-home-multispeciality-hospital-and-icu-dhankawadi-pune-multispeciality-hospitals-zlsb6vbzvc.jpg
https://content.jdmagicbox.com/comp/pune/d5/020pxx20.xx20.211108120755.f2d5/catalogue/vimal-nursing-home-multispeciality-hospital-and-icu-dhankawadi-pune-multispeciality-hospitals-zpodax0jh3.jpg
https://content.jdmagicbox.com/comp/pune/d5/020pxx20.xx20.211108120755.f2d5/catalogue/-lz7g8gp73s.jpg
https://content.jdmagicbox.com/comp/pune/d5/020pxx20.xx20.211108120755.f2d5/catalogue/vimal-nursing-home-multispeciality-hospital-dhankawadi-pune-general-physician-doctors-4xmw2wg6bg.jpg","","Open 24 Hrs","411043","020PXX20.XX20.211108120755.F2D5","18.467462527778","73.858024583333","https://www.justdial.com/Pune/Vimal-Nursing-Home-Multispeciality-Hospital-and-ICU-Near-Axis-Bank-Ltd-Balaji-Nagar-Dhankawadi/020PXX20-XX20-211108120755-F2D5_BZDET","Yes","2024-02-10T15:19:18.951Z"
"Dr. Ganesh Tarale (Shree Gajanan Clinic)","Dudulgao Moshi"," Moshi","","4","","3","Paediatricians, General Physician Doctors","https://content.jdmagicbox.com/comp/pune/s6/020pxx20.xx20.150727191743.u6s6/catalogue/dr-ganesh-tarale-shree-gajanan-clinic-rahatani-pune-general-physician-doctors-uc9s3p5ry6-250.jpg?clr=#442222","https://content.jdmagicbox.com/comp/pune/s6/020pxx20.xx20.150727191743.u6s6/catalogue/dr-ganesh-tarale-shree-gajanan-clinic-rahatani-pune-general-physician-doctors-uc9s3p5ry6.jpg?clr=#442222
https://content.jdmagicbox.com/comp/pune/s6/020pxx20.xx20.150727191743.u6s6/catalogue/dr-ganesh-tarale-shree-gajanan-clinic-rahatani-pune-general-physician-doctors-jh1ab9e90r.jpg
https://content.jdmagicbox.com/comp/pune/s6/020pxx20.xx20.150727191743.u6s6/catalogue/dr-ganesh-tarale-shree-gajanan-clinic-rahatani-pune-general-physician-doctors-91e4wl4go9.jpg
https://content.jdmagicbox.com/comp/pune/s6/020pxx20.xx20.150727191743.u6s6/catalogue/dr-ganesh-tarale-shree-gajanan-clinic-rahatani-pune-general-physician-doctors-k608yklgwm.jpg","","10:30 am - 1:15 pm , 6:30 pm - 9:30 pm","412105","020PXX20.XX20.150727191743.U6S6","18.652385","73.846056","https://www.justdial.com/Pune/Dr-Ganesh-Tarale-Shree-Gajanan-Clinic-Moshi/020PXX20-XX20-150727191743-U6S6_BZDET","Yes","2024-02-10T15:19:18.951Z"
"Lotus Clinic and Lotus Lab","Shivaji Nagar","Opposite Centurion Inn Shivaji Nagar","","4","Today I met Dr. Lad and felt very relaxed.. Good Clinic Good Service. Thanks Dr Lad .. JD Services is very Good ..","25","Pathology Labs, Sonography Centres","https://content.jdmagicbox.com/comp/pune/k9/020pxx20.xx20.180119130155.b3k9/catalogue/lotus-clinic-and-health-check-lab-shivaji-nagar-pune-pathology-labs-th2jllyw4t-250.jpg?clr=#28333e","https://content.jdmagicbox.com/comp/pune/k9/020pxx20.xx20.180119130155.b3k9/catalogue/lotus-clinic-and-health-check-lab-shivaji-nagar-pune-pathology-labs-th2jllyw4t.jpg?clr=#28333e
https://content.jdmagicbox.com/comp/pune/k9/020pxx20.xx20.180119130155.b3k9/catalogue/lotus-clinic-and-health-check-lab-shivaji-nagar-pune-pathology-labs-0jr75wnzyp.jpg
https://content.jdmagicbox.com/comp/pune/k9/020pxx20.xx20.180119130155.b3k9/catalogue/lotus-clinic-and-health-check-lab-shivaji-nagar-pune-pathology-labs-mqbi5tgqpo.jpg
https://content.jdmagicbox.com/comp/pune/k9/020pxx20.xx20.180119130155.b3k9/catalogue/lotus-clinic-and-health-check-lab-shivaji-nagar-pune-pathology-labs-fkwiizwztz.jpg
https://content.jdmagicbox.com/comp/pune/k9/020pxx20.xx20.180119130155.b3k9/catalogue/lotus-clinic-and-health-check-lab-shivaji-nagar-pune-pathology-labs-1qlnzdaqup.jpg","","11:00 am - 1:30 pm","411005","020PXX20.XX20.180119130155.B3K9","18.535228878541","73.84949992533","https://www.justdial.com/Pune/Lotus-Clinic-and-Lotus-Lab-Opposite-Centurion-Inn-Shivaji-Nagar/020PXX20-XX20-180119130155-B3K9_BZDET","No","2024-02-10T15:19:18.951Z"